{
    "lights": [
        {
            "angle": 69.0,
            "color": [
                0.0,
                7.843137264251709,
                11.764705657958984
            ],
            "pos": [
                0.5994455218315125,
                1.0072081089019775,
                0.7158395648002625,
                0.0
            ],
            "radius": 200.0,
            "rot": [
                -0.1899939924478531,
                0.02998405694961548,
                0.0,
                0.0
            ],
            "size": 0.0872664600610733,
            "type": 0
        },
        {
            "angle": 0.6981316804885864,
            "color": [
                1.0,
                0.9999899864196777,
                0.9999899864196777
            ],
            "pos": [
                0.8884486556053162,
                1.0663642883300781,
                0.0,
                0.0
            ],
            "radius": 0.0,
            "rot": [
                0.0,
                0.0,
                0.0,
                0.0
            ],
            "size": 0.0,
            "type": 0
        }
    ]
}
