{
    "lights": [
        {
            "angle": 69.0,
            "color": [
                0.9999899864196777,
                0.9999899864196777,
                1.0
            ],
            "pos": [
                0.0,
                3.562610149383545,
                0.0,
                0.0
            ],
            "radius": 200.0,
            "rot": [
                0.0,
                0.0,
                0.0,
                0.0
            ],
            "size": 0.0,
            "type": 0
        },
        {
            "angle": 0.0,
            "color": [
                1.0,
                0.0,
                0.0
            ],
            "pos": [
                -4.0,
                1.0,
                -7.193277359008789,
                0.0
            ],
            "radius": 5.0,
            "rot": [
                -1.0399991273880005,
                7.299992084503174,
                0.0,
                0.0
            ],
            "size": 0.0,
            "type": 0
        },
        {
            "angle": 0.0,
            "color": [
                0.0,
                1.0,
                0.0
            ],
            "pos": [
                4.0,
                1.0,
                -7.192999839782715,
                0.0
            ],
            "radius": 5.0,
            "rot": [
                0.0,
                0.0,
                0.0,
                0.0
            ],
            "size": 0.0,
            "type": 0
        }
    ]
}
