{
    "lights": [
        {
            "angle": 69.0,
            "color": [
                0.9999899864196777,
                0.9999899864196777,
                1.0
            ],
            "pos": [
                0.0,
                3.562610149383545,
                0.0,
                0.0
            ],
            "radius": 200.0,
            "rot": [
                0.0,
                0.0,
                0.0,
                0.0
            ],
            "size": 4.999999523162842,
            "type": 0
        },
        {
            "angle": 0.0,
            "color": [
                1.0,
                0.0,
                0.0
            ],
            "pos": [
                -4.500246047973633,
                1.5609211921691895,
                0.5351200103759766,
                0.0
            ],
            "radius": 5.0,
            "rot": [
                -0.1999991238117218,
                -1.6799988746643066,
                0.0,
                0.0
            ],
            "size": 0.0,
            "type": 0
        },
        {
            "angle": 0.0,
            "color": [
                0.0,
                1.0,
                0.0
            ],
            "pos": [
                4.765124797821045,
                1.0076744556427002,
                0.7067244052886963,
                0.0
            ],
            "radius": 5.0,
            "rot": [
                -0.0699990838766098,
                -1.5699987411499023,
                0.0,
                0.0
            ],
            "size": 0.0,
            "type": 0
        }
    ]
}
