{
    "lights": [
        {
            "angle": 0.6981316804885864,
            "color": [
                1.9607843160629272,
                2.3529412746429443,
                2.3529412746429443
            ],
            "pos": [
                2101.9404296875,
                896.3909301757813,
                261.030517578125,
                0.0
            ],
            "radius": 5.0,
            "rot": [
                -0.5750859379768372,
                -4.920938491821289,
                0.0,
                0.0
            ],
            "size": 0.0,
            "type": 1
        }
    ]
}
